,City,Lat,Lng,Max Temp,Humidity,Cloudiness,Wind Speed,Country,Date
0,Ushuaia,-54.8,-68.3,271.15,86.0,75.0,11.3,AR,1598809463.0
1,Papara,-3.98,-38.73,303.15,58.0,42.0,10.8,BR,1598809463.0
2,Punta Arenas,-53.15,-70.92,275.15,47.0,75.0,9.8,CL,1598809320.0
3,Vaini,-21.2,-175.2,297.15,88.0,20.0,4.1,TO,1598809331.0
4,East London,-33.02,27.91,284.15,62.0,30.0,4.6,ZA,1598809464.0
6,Dudinka,69.41,86.18,282.15,100.0,90.0,6.0,RU,1598809464.0
7,Upata,8.01,-62.4,304.26,65.0,93.0,2.68,VE,1598809464.0
8,Horta,38.53,-28.63,299.15,88.0,40.0,5.7,PT,1598809345.0
9,Conde,-7.26,-34.91,302.15,54.0,20.0,6.7,BR,1598809465.0
10,Nome,64.5,-165.41,284.26,76.0,20.0,4.6,US,1598809319.0
11,Rikitea,-23.12,-134.97,293.83,83.0,70.0,8.83,PF,1598809465.0
12,Jamestown,42.1,-79.24,293.71,68.0,90.0,4.1,US,1598809244.0
13,Yatou,37.15,122.38,296.15,96.0,12.0,2.41,CN,1598809465.0
14,Tadine,-21.55,167.88,291.16,71.0,44.0,5.34,NC,1598809466.0
15,Barrow,71.29,-156.79,277.15,86.0,90.0,4.6,US,1598809466.0
17,Makakilo City,21.35,-158.09,299.15,65.0,20.0,2.1,US,1598809467.0
18,Havelock,34.88,-76.9,304.82,58.0,1.0,5.1,US,1598809224.0
19,Chokurdakh,70.63,147.92,278.36,81.0,100.0,3.19,RU,1598809467.0
20,Qaanaaq,77.48,-69.36,274.27,77.0,0.0,1.94,GL,1598809467.0
22,Saskylakh,71.92,114.08,281.41,82.0,63.0,1.74,RU,1598809468.0
23,Nelson,-41.28,173.28,280.93,73.0,73.0,0.89,NZ,1598809468.0
24,San Miguel de Cozumel,20.51,-86.95,305.15,62.0,75.0,4.1,MX,1598809468.0
25,Port Elizabeth,-33.92,25.57,283.15,81.0,20.0,4.1,ZA,1598809362.0
26,Albany,42.6,-73.97,295.93,44.0,22.0,0.45,US,1598809321.0
27,Busselton,-33.65,115.33,278.15,71.0,0.0,2.12,AU,1598809257.0
28,Grand-Lahou,5.14,-5.02,297.37,83.0,56.0,4.69,CI,1598809469.0
29,Grindavik,63.84,-22.43,285.15,93.0,90.0,12.9,IS,1598809469.0
30,Hilo,19.73,-155.09,296.15,83.0,1.0,3.23,US,1598809276.0
31,São João da Barra,-21.64,-41.05,302.15,54.0,20.0,8.2,BR,1598809470.0
32,Yellowknife,62.46,-114.35,283.71,66.0,20.0,7.7,CA,1598809283.0
33,Bethel,41.37,-73.41,296.48,56.0,75.0,4.1,US,1598809380.0
34,Sabzawār,36.21,57.68,293.25,46.0,0.0,6.62,IR,1598809470.0
35,Areosa,41.72,-8.86,297.04,60.0,0.0,6.2,PT,1598809471.0
36,Cape Town,-33.93,18.42,284.15,57.0,20.0,2.1,ZA,1598808975.0
37,Marsabit,2.33,37.99,296.15,47.0,6.0,7.43,KE,1598809471.0
38,São Filipe,14.9,-24.5,299.44,78.0,41.0,4.31,CV,1598809471.0
39,San Vicente,-26.62,-54.13,302.17,37.0,35.0,1.9,AR,1598809472.0
41,George Town,5.41,100.34,301.15,94.0,40.0,1.5,MY,1598809472.0
42,Narsaq,60.92,-46.05,287.15,50.0,99.0,1.0,GL,1598809472.0
44,Bluff,-46.6,168.33,280.37,72.0,73.0,4.92,NZ,1598809292.0
45,Te Anau,-45.42,167.72,282.04,74.0,53.0,4.74,NZ,1598809473.0
46,Pedernales,18.04,-71.74,306.15,59.0,20.0,6.2,DO,1598809473.0
47,Isangel,-19.55,169.27,293.29,83.0,98.0,5.64,VU,1598809412.0
48,Torbay,47.67,-52.73,293.71,100.0,90.0,10.3,CA,1598809474.0
49,Korla,41.76,86.15,297.04,62.0,6.0,1.79,CN,1598809393.0
51,Hermanus,-34.42,19.23,282.04,76.0,18.0,0.45,ZA,1598809296.0
52,Ürümqi,43.8,87.6,297.04,43.0,0.0,1.0,CN,1598809330.0
53,Chui,-33.7,-53.46,284.39,58.0,98.0,2.25,UY,1598809475.0
54,Thompson,55.74,-97.86,285.15,100.0,90.0,2.1,CA,1598809216.0
55,Bida,9.08,6.02,298.15,88.0,100.0,1.19,NG,1598809475.0
56,Bonavista,48.65,-53.11,286.48,79.0,100.0,1.34,CA,1598809476.0
57,Kapaa,22.08,-159.32,299.15,74.0,40.0,7.2,US,1598809476.0
58,Bandarbeyla,9.49,50.81,298.22,79.0,94.0,13.81,SO,1598809476.0
59,Severo-Kuril'sk,50.68,156.12,282.79,89.0,29.0,6.83,RU,1598809476.0
60,Izumo,35.37,132.77,299.15,94.0,20.0,2.1,JP,1598809477.0
61,Salta,-24.79,-65.41,284.15,93.0,90.0,1.5,AR,1598809477.0
62,Khani,41.96,42.96,296.15,88.0,0.0,1.5,GE,1598809477.0
63,Cayenne,4.93,-52.33,305.15,66.0,40.0,5.1,GF,1598809377.0
64,Hanoi,21.02,105.84,303.15,74.0,24.0,3.1,VN,1598809286.0
65,Tasiilaq,65.61,-37.64,280.15,70.0,100.0,1.0,GL,1598809478.0
66,Chapais,49.78,-74.85,287.15,58.0,90.0,5.1,CA,1598809356.0
67,Hobart,-42.88,147.33,280.37,81.0,40.0,7.7,AU,1598809229.0
68,Portland,45.52,-122.68,289.26,72.0,90.0,2.6,US,1598809235.0
69,Brownsville,25.9,-97.5,307.59,56.0,75.0,8.7,US,1598809231.0
70,Esperance,-33.87,121.9,280.15,87.0,66.0,5.7,AU,1598809320.0
71,Arraial do Cabo,-22.97,-42.03,305.15,55.0,0.0,4.1,BR,1598809479.0
73,Ilulissat,69.22,-51.1,281.15,61.0,5.0,3.1,GL,1598809479.0
74,Praia,14.92,-23.51,302.15,74.0,75.0,4.6,CV,1598809379.0
75,Bredasdorp,-34.53,20.04,281.15,75.0,46.0,1.5,ZA,1598809480.0
76,Saint-Philippe,-21.36,55.77,295.15,77.0,29.0,3.6,RE,1598809480.0
77,Iqaluit,63.75,-68.51,284.15,66.0,20.0,2.6,CA,1598809368.0
79,Alice Springs,-23.7,133.88,286.15,28.0,0.0,1.5,AU,1598809208.0
80,Tūkrah,32.53,20.58,298.87,67.0,0.0,5.66,LY,1598809481.0
81,Hanyang,32.14,105.51,289.34,89.0,100.0,5.03,CN,1598809481.0
82,Tilichiki,60.47,166.1,278.31,93.0,100.0,4.12,RU,1598809389.0
83,Juruti,-2.15,-56.09,308.37,38.0,36.0,2.58,BR,1598809482.0
84,Atuona,-9.8,-139.03,299.03,79.0,48.0,10.14,PF,1598809482.0
85,Alberton,46.82,-64.07,291.75,93.0,97.0,5.32,CA,1598809482.0
86,Cockburn Town,21.46,-71.14,304.15,62.0,40.0,5.7,TC,1598809378.0
88,San Patricio,19.22,-104.7,299.31,88.0,99.0,0.89,MX,1598809483.0
89,Kobryn,52.21,24.36,296.83,72.0,0.0,3.59,BY,1598809483.0
90,Pevek,69.7,170.31,275.53,86.0,66.0,1.48,RU,1598809393.0
91,Mataura,-46.19,168.86,280.37,72.0,47.0,4.92,NZ,1598809257.0
92,Satara,17.68,73.98,293.82,92.0,100.0,1.89,IN,1598809484.0
93,Voroshnëvo,51.65,36.02,295.15,49.0,0.0,3.0,RU,1598809484.0
94,Nizwá,22.93,57.53,306.5,30.0,53.0,1.85,OM,1598809484.0
97,Seoul,37.57,126.98,298.15,88.0,1.0,2.1,KR,1598808944.0
98,Levice,48.22,18.61,303.15,51.0,99.0,0.45,SK,1598809485.0
99,Abu Dhabi,24.47,54.37,312.15,63.0,33.0,0.5,AE,1598809423.0
100,High Level,58.52,-117.14,283.15,66.0,20.0,8.2,CA,1598809434.0
101,Kathu,7.92,98.33,302.04,94.0,20.0,1.0,TH,1598809486.0
102,Sebastian,35.17,-94.27,299.15,78.0,1.0,3.1,US,1598809486.0
103,Belen,36.49,36.22,305.15,43.0,0.0,5.7,TR,1598809486.0
104,Lat Yao,15.75,99.79,299.3,86.0,100.0,2.47,TH,1598809487.0
105,Castro,-24.79,-50.01,299.81,41.0,0.0,2.43,BR,1598809263.0
106,Talaya,61.38,152.75,272.91,94.0,0.0,0.86,RU,1598809487.0
107,Ayan,56.45,138.17,284.17,63.0,100.0,0.96,RU,1598809487.0
109,Kruisfontein,-34.0,24.73,282.59,77.0,92.0,0.45,ZA,1598809261.0
110,Abu Samrah,35.3,37.18,303.71,19.0,0.0,4.41,SY,1598809488.0
111,Ponta do Sol,32.67,-17.1,297.59,53.0,20.0,9.8,PT,1598809301.0
112,Hasaki,35.73,140.83,298.15,100.0,75.0,0.5,JP,1598809274.0
113,Praia da Vitória,38.73,-27.07,301.15,74.0,40.0,3.25,PT,1598809488.0
114,Librazhd,41.18,20.32,299.15,53.0,0.0,0.5,AL,1598809489.0
115,Tautira,-17.73,-149.15,298.15,69.0,20.0,3.6,PF,1598809489.0
116,Nishihara,26.18,127.76,302.15,88.0,40.0,6.2,JP,1598809489.0
117,Oranjemund,-28.55,16.43,284.53,60.0,72.0,9.92,NA,1598809490.0
118,Lorengau,-2.02,147.27,300.51,80.0,92.0,4.2,PG,1598809348.0
119,Marzuq,14.4,46.47,302.81,36.0,97.0,1.5,YE,1598809490.0
120,Tuktoyaktuk,69.45,-133.04,278.15,93.0,90.0,7.2,CA,1598809490.0
121,Touros,-5.2,-35.46,302.15,54.0,20.0,7.2,BR,1598809491.0
122,San Cristobal,7.77,-72.22,303.15,58.0,40.0,4.1,VE,1598809300.0
125,Katangli,51.71,143.23,279.84,88.0,34.0,3.14,RU,1598809491.0
126,Elizabeth City,36.29,-76.25,304.15,43.0,1.0,2.6,US,1598809492.0
127,Narón,43.52,-8.15,292.15,52.0,20.0,5.1,ES,1598809492.0
128,Saint-Joseph,-21.37,55.62,293.15,77.0,15.0,3.6,RE,1598809492.0
129,Kāvali,14.92,79.98,302.34,76.0,22.0,1.91,IN,1598809492.0
130,Aswān,24.09,32.91,307.59,11.0,0.0,4.44,EG,1598809493.0
131,Zacualpan,21.25,-105.17,295.15,100.0,90.0,2.2,MX,1598809493.0
132,Kutum,14.2,24.67,299.79,53.0,46.0,1.69,SD,1598809493.0
133,Butaritari,3.07,172.79,301.2,74.0,37.0,5.15,KI,1598809291.0
135,Lebu,-37.62,-73.65,283.31,65.0,0.0,10.21,CL,1598809322.0
136,North Platte,41.12,-100.77,300.15,57.0,40.0,6.7,US,1598809494.0
137,Alofi,-19.06,-169.92,292.15,100.0,36.0,1.5,NU,1598809381.0
138,Husavik,66.04,-17.34,290.15,55.0,75.0,10.8,IS,1598809494.0
139,Khovd,48.01,91.64,286.32,54.0,10.0,0.45,MN,1598809495.0
140,Monte Patria,-30.69,-70.95,294.23,24.0,0.0,2.59,CL,1598809495.0
141,Hong Kong,22.29,114.16,302.04,79.0,95.0,1.34,HK,1598809287.0
142,Jacqueville,5.21,-4.41,299.15,83.0,20.0,5.1,CI,1598809495.0
143,Marystown,47.17,-55.15,292.04,100.0,100.0,0.89,CA,1598809496.0
144,Arrondissement de Foix,42.83,1.58,289.82,26.0,62.0,0.89,FR,1598809496.0
145,Jining,35.41,116.58,297.07,85.0,54.0,0.97,CN,1598809496.0
146,São Miguel,-5.47,-35.37,303.15,54.0,20.0,7.2,BR,1598809497.0
147,Los Llanos de Aridane,28.66,-17.92,298.15,57.0,75.0,8.2,ES,1598809408.0
148,Mahibadhoo,3.78,72.97,301.92,63.0,25.0,1.91,MV,1598809497.0
150,Krasnovishersk,60.41,57.08,287.19,96.0,90.0,3.23,RU,1598809498.0
151,New Norfolk,-42.78,147.06,280.37,75.0,91.0,0.89,AU,1598809498.0
152,Shizilu,35.17,118.83,296.64,98.0,63.0,2.02,CN,1598809498.0
153,Klaksvík,62.23,-6.59,284.15,93.0,95.0,5.1,FO,1598809499.0
154,Calama,-22.47,-68.93,294.15,7.0,96.0,7.7,CL,1598809499.0
155,Port Alfred,-33.59,26.89,284.26,68.0,32.0,5.39,ZA,1598809499.0
156,Novomikhaylovskiy,44.26,38.86,300.13,42.0,0.0,5.64,RU,1598809499.0
157,Katsuura,35.13,140.3,300.15,94.0,75.0,1.5,JP,1598809500.0
158,Erenhot,43.65,111.98,290.99,68.0,47.0,4.31,CN,1598809500.0
159,Dezful,32.38,48.41,308.03,10.0,0.0,2.94,IR,1598809334.0
160,Oudtshoorn,-33.59,22.2,282.15,70.0,20.0,1.0,ZA,1598809500.0
161,Cabo San Lucas,22.89,-109.91,304.26,83.0,40.0,4.6,MX,1598809501.0
162,Healesville,-37.65,145.52,279.82,91.0,56.0,1.34,AU,1598809501.0
163,Chute-aux-Outardes,49.12,-68.4,283.15,93.0,90.0,4.6,CA,1598809501.0
164,Methóni,36.82,21.7,302.59,54.0,0.0,6.79,GR,1598809502.0
165,Camaná,-16.62,-72.71,288.94,78.0,100.0,3.34,PE,1598809502.0
166,Mitzic,0.78,11.55,294.66,96.0,99.0,1.47,GA,1598809502.0
169,Anchorage,61.22,-149.9,284.26,87.0,40.0,2.5,US,1598809422.0
170,Guerrero Negro,27.98,-114.06,299.5,61.0,1.0,3.48,MX,1598809503.0
171,Businga,3.33,20.88,295.7,91.0,80.0,0.78,CD,1598809503.0
172,Abu Kamal,34.45,40.92,307.7,10.0,0.0,4.64,SY,1598809504.0
173,Barcelos,41.54,-8.62,297.04,60.0,0.0,6.2,PT,1598809504.0
174,Lieksa,63.32,30.02,286.2,65.0,59.0,2.32,FI,1598809504.0
175,Longyearbyen,78.22,15.64,278.15,75.0,75.0,9.3,SJ,1598809505.0
176,Lüderitz,-26.65,15.16,287.26,39.0,92.0,13.64,NA,1598809505.0
177,Santa Cruz de Barahona,18.21,-71.1,306.15,59.0,20.0,6.2,DO,1598809505.0
178,Nieuw Amsterdam,5.88,-55.08,306.15,55.0,40.0,3.1,SR,1598809505.0
179,Sørland,67.67,12.69,283.15,61.0,40.0,3.6,NO,1598809506.0
180,Luganville,-15.53,167.17,298.02,86.0,97.0,5.78,VU,1598809506.0
181,Poum,-20.23,164.02,293.6,70.0,49.0,5.46,NC,1598809506.0
182,Hay River,60.82,-115.8,284.15,62.0,20.0,5.1,CA,1598809446.0
183,Kavieng,-2.57,150.8,301.05,75.0,90.0,3.21,PG,1598809507.0
184,Hokitika,-42.72,170.97,284.2,81.0,100.0,0.19,NZ,1598809368.0
185,Sitka,57.05,-135.33,285.15,81.0,90.0,7.7,US,1598809507.0
186,Owando,-0.48,15.9,296.64,93.0,95.0,1.13,CG,1598809507.0
187,Sai Buri,6.7,101.62,299.53,82.0,98.0,0.92,TH,1598809445.0
188,Poya,-21.35,165.15,288.89,78.0,40.0,1.45,NC,1598809508.0
189,Saldanha,-33.01,17.94,283.15,66.0,0.0,2.1,ZA,1598809508.0
190,Porto-Novo,6.5,2.6,298.41,76.0,100.0,5.13,BJ,1598809508.0
191,Horodnya,51.89,31.6,294.2,56.0,0.0,4.22,UA,1598809509.0
192,Asău,46.43,26.4,292.59,75.0,0.0,2.09,RO,1598809461.0
193,Yangi Marg`ilon,40.43,71.72,297.15,53.0,3.0,2.1,UZ,1598809509.0
194,Mahébourg,-20.41,57.7,295.15,83.0,75.0,6.2,MU,1598809509.0
195,João Pinheiro,-17.74,-46.17,304.54,24.0,49.0,2.32,BR,1598809510.0
197,Lianzhou,24.78,112.38,297.81,67.0,15.0,0.84,CN,1598809510.0
198,Maceió,-9.67,-35.74,301.15,61.0,75.0,5.7,BR,1598809426.0
200,Half Moon Bay,37.46,-122.43,293.71,77.0,40.0,2.1,US,1598809417.0
202,Krasnosel'kup,65.7,82.47,282.81,88.0,100.0,4.28,RU,1598809511.0
203,Beringovskiy,63.05,179.32,281.22,82.0,100.0,13.38,RU,1598809439.0
204,Flinders,-34.58,150.86,291.48,80.0,58.0,0.45,AU,1598809512.0
205,Faanui,-16.48,-151.75,297.88,76.0,14.0,10.53,PF,1598809512.0
206,Khatanga,71.97,102.5,280.79,84.0,100.0,3.58,RU,1598809512.0
207,Puerto Ayora,-0.74,-90.35,297.15,60.0,20.0,6.2,EC,1598809512.0
208,Kiryat Gat,31.61,34.76,302.59,75.0,0.0,1.72,IL,1598809251.0
209,Ankazobe,-18.32,47.12,287.15,87.0,20.0,2.6,MG,1598809513.0
210,Salalah,17.02,54.09,298.15,94.0,90.0,1.5,OM,1598809513.0
211,Pangnirtung,66.15,-65.71,281.15,87.0,20.0,5.1,CA,1598809513.0
213,Saint Paul Harbor,57.79,-152.41,285.15,81.0,90.0,3.1,US,1598809514.0
214,Qaqortoq,60.72,-46.03,287.15,50.0,100.0,1.0,GL,1598809514.0
215,Morehead,37.27,-87.18,298.15,78.0,75.0,2.6,US,1598809458.0
216,Bambous Virieux,-20.34,57.76,295.37,83.0,75.0,6.2,MU,1598809515.0
217,Dikson,73.51,80.55,278.36,96.0,100.0,7.42,RU,1598809515.0
218,Pandan,14.05,124.17,300.5,84.0,100.0,4.16,PH,1598809515.0
219,Ribeira Grande,38.52,-28.7,299.15,88.0,40.0,5.7,PT,1598809516.0
220,Shizuishan,39.23,106.77,288.1,72.0,5.0,5.31,CN,1598809516.0
221,Nadvoitsy,63.87,34.32,283.77,74.0,63.0,1.37,RU,1598809516.0
222,Acarí,-15.43,-74.62,291.95,60.0,96.0,2.78,PE,1598809516.0
223,Dawson,31.77,-84.45,306.15,52.0,75.0,1.5,US,1598809517.0
224,Jiangmen,22.58,113.08,302.59,86.0,70.0,0.89,CN,1598809517.0
225,Arlit,18.74,7.39,304.82,47.0,98.0,6.42,NE,1598809517.0
226,Palmares do Sul,-30.26,-50.51,286.9,91.0,100.0,5.1,BR,1598809517.0
227,Dayong,25.02,118.29,301.15,78.0,20.0,3.0,CN,1598809518.0
228,Churapcha,62.0,132.43,285.19,93.0,100.0,1.09,RU,1598809518.0
229,Khorramabad,33.49,48.36,303.15,18.0,6.0,2.1,IR,1598809275.0
230,Assiut,27.18,31.18,308.15,26.0,0.0,4.1,EG,1598809518.0
231,Pisco,-13.7,-76.22,290.37,77.0,100.0,2.6,PE,1598809519.0
232,Chateaubelair,13.28,-61.25,299.15,100.0,75.0,5.06,VC,1598809519.0
233,Changji,44.02,87.32,297.04,43.0,0.0,1.0,CN,1598809519.0
234,Kurumkan,54.3,110.3,287.41,80.0,100.0,0.03,RU,1598809519.0
235,Long Xuyen,10.38,105.42,299.97,84.0,65.0,2.84,VN,1598809520.0
236,Hauterive,46.09,3.45,290.15,59.0,90.0,2.6,FR,1598809520.0
237,Bathsheba,13.22,-59.52,304.15,70.0,40.0,6.7,BB,1598809338.0
239,Lata,40.16,-8.33,297.59,52.0,0.0,2.24,PT,1598809521.0
240,Jérémie,18.65,-74.12,303.11,69.0,12.0,1.35,HT,1598809521.0
241,Kirovskiy,45.09,133.51,286.68,83.0,100.0,3.25,RU,1598809521.0
242,Sisimiut,66.94,-53.67,286.2,56.0,10.0,4.7,GL,1598809297.0
243,Orshanka,56.92,47.89,289.13,79.0,100.0,4.19,RU,1598809522.0
244,Nanortalik,60.14,-45.24,282.26,74.0,100.0,4.68,GL,1598809522.0
245,Chudovo,59.12,31.68,287.58,89.0,100.0,2.36,RU,1598809522.0
246,Santa Isabel Rio Negro,-0.41,-65.02,303.09,71.0,98.0,1.02,BR,1598809523.0
247,Clyde River,70.47,-68.59,283.15,81.0,20.0,6.2,CA,1598809523.0
248,Naze,28.37,129.48,301.15,88.0,20.0,3.1,JP,1598809509.0
250,Grand Gaube,-20.01,57.66,295.37,74.0,1.0,4.47,MU,1598809523.0
251,Gillette,44.29,-105.5,292.15,39.0,1.0,10.3,US,1598809524.0
252,Adrar,20.5,-10.07,311.0,9.0,42.0,5.8,MR,1598809524.0
253,Cherskiy,68.75,161.3,276.68,89.0,100.0,4.9,RU,1598809494.0
254,Gornozavodsk,58.38,58.32,286.79,97.0,34.0,2.43,RU,1598809525.0
255,Opuwo,-18.06,13.84,289.48,28.0,1.0,2.89,NA,1598809337.0
257,Manokwari,-0.87,134.08,299.15,72.0,77.0,2.43,ID,1598809525.0
258,Tiksi,71.69,128.87,278.52,89.0,1.0,3.49,RU,1598809525.0
259,Kazanka,47.85,32.82,297.3,33.0,0.0,3.99,UA,1598809526.0
260,Mūl,20.07,79.67,298.2,89.0,0.0,1.56,IN,1598809526.0
261,Castelo,-20.6,-41.18,302.1,47.0,2.0,2.33,BR,1598809526.0
263,Kununurra,-15.77,128.73,292.15,22.0,0.0,1.0,AU,1598809488.0
264,Melton,-37.68,144.58,280.37,82.0,8.0,3.67,AU,1598809527.0
265,Tsabong,-26.02,22.4,280.84,40.0,0.0,4.64,BW,1598809527.0
266,Baoro,5.67,15.97,293.65,92.0,56.0,0.68,CF,1598809528.0
267,Lac du Bonnet,50.25,-96.06,294.26,99.0,80.0,3.13,CA,1598809528.0
268,Monroe,43.15,-77.68,294.82,49.0,40.0,6.2,US,1598809381.0
269,Saint George,37.1,-113.58,305.93,26.0,1.0,2.76,US,1598809330.0
270,Rancho Palos Verdes,33.74,-118.39,295.37,82.0,90.0,2.99,US,1598809529.0
271,Wajid,3.81,43.25,301.55,50.0,38.0,8.59,SO,1598809529.0
272,Geilo,60.53,8.21,281.48,87.0,74.0,2.68,NO,1598809529.0
273,Aden,12.78,45.04,304.34,62.0,14.0,4.84,YE,1598809287.0
274,Codrington,-38.27,141.97,280.68,73.0,58.0,4.51,AU,1598809279.0
275,Tashigang,27.33,91.55,293.73,72.0,100.0,0.79,BT,1598809530.0
276,Coquimbo,-29.95,-71.34,288.15,67.0,0.0,5.7,CL,1598809530.0
277,Haines Junction,60.75,-137.51,281.37,75.0,100.0,1.85,CA,1598809530.0
278,Nikolskoye,59.7,30.79,290.37,77.0,20.0,3.0,RU,1598809267.0
280,São Sebastião,-23.76,-45.41,304.03,40.0,0.0,1.39,BR,1598809531.0
281,Holt,42.64,-84.52,293.15,56.0,90.0,1.76,US,1598809358.0
282,Hearst,49.68,-83.67,290.73,40.0,54.0,1.23,CA,1598809531.0
283,Price,39.6,-110.81,299.15,26.0,1.0,2.6,US,1598809532.0
284,Litovel,49.7,17.08,292.59,85.0,94.0,0.89,CZ,1598809532.0
285,San Miguel de Tucumán,-26.82,-65.22,285.15,58.0,90.0,4.1,AR,1598809376.0
286,Mīzan Teferī,6.98,35.58,290.05,92.0,100.0,1.15,ET,1598809532.0
289,Ponca City,36.71,-97.09,299.82,73.0,90.0,2.1,US,1598809533.0
290,Provideniya,64.38,-173.3,281.22,73.0,45.0,9.58,RU,1598809533.0
291,Ishigaki,24.34,124.16,301.96,80.0,6.0,9.14,JP,1598809534.0
292,Dingle,11.0,122.67,298.46,84.0,100.0,2.28,PH,1598809534.0
293,Porbandar,21.64,69.61,299.39,89.0,100.0,8.36,IN,1598809534.0
294,Avarua,-21.21,-159.78,295.15,78.0,21.0,4.1,CK,1598809341.0
295,Belyy Yar,53.6,91.39,285.15,93.0,28.0,1.0,RU,1598809535.0
296,Yar-Sale,66.83,70.83,277.03,90.0,47.0,3.75,RU,1598809421.0
297,Manono,-7.3,27.42,300.67,54.0,59.0,0.18,CD,1598809535.0
298,Santa Clara,22.4,-79.97,305.15,59.0,75.0,2.1,CU,1598809535.0
299,Tingo María,-9.29,-76.01,301.15,34.0,20.0,5.7,PE,1598809536.0
300,Karratha,-20.74,116.85,296.76,41.0,0.0,3.0,AU,1598809529.0
301,Agüimes,27.91,-15.45,298.71,57.0,20.0,12.9,ES,1598809536.0
302,Severo-Yeniseyskiy,60.37,93.04,281.25,95.0,36.0,0.84,RU,1598809536.0
303,Port Blair,11.67,92.75,301.0,80.0,82.0,3.77,IN,1598809375.0
304,Sioux Lookout,50.1,-91.92,292.15,63.0,40.0,3.1,CA,1598809491.0
305,Fairbanks,64.84,-147.72,284.82,76.0,1.0,2.6,US,1598809420.0
307,Vila Velha,-20.33,-40.29,300.37,74.0,20.0,7.2,BR,1598809537.0
308,Walvis Bay,-22.96,14.51,292.15,34.0,0.0,7.2,NA,1598809537.0
309,San Juan Evangelista,17.9,-95.13,306.15,59.0,5.0,4.1,MX,1598809538.0
310,Villarrica,-25.75,-56.43,298.46,63.0,94.0,4.6,PY,1598809538.0
311,Ukiah,39.15,-123.21,299.26,60.0,20.0,1.45,US,1598809538.0
313,Novoagansk,61.94,76.66,287.91,91.0,100.0,2.32,RU,1598809539.0
314,Antalaha,-14.9,50.28,294.92,88.0,84.0,3.57,MG,1598809539.0
315,Matara,5.95,80.54,299.87,84.0,89.0,4.39,LK,1598809539.0
316,Upernavik,72.79,-56.15,278.83,75.0,38.0,3.54,GL,1598809539.0
318,Wanxian,30.8,108.39,298.86,67.0,1.0,2.02,CN,1598809540.0
319,Indramayu,-6.33,108.32,299.23,75.0,81.0,5.46,ID,1598809540.0
320,Kananga,-5.9,22.42,300.2,59.0,76.0,0.83,CD,1598809514.0
321,Hāgere Hiywet,8.98,37.85,287.7,87.0,99.0,0.97,ET,1598809541.0
322,Seydi,39.48,62.91,299.23,17.0,34.0,5.09,TM,1598809541.0
323,Griffith,41.53,-87.42,298.15,60.0,40.0,4.1,US,1598809355.0
324,Puerto Madryn,-42.77,-65.04,287.06,38.0,0.0,7.92,AR,1598809541.0
325,Manaus,-3.1,-60.02,303.15,66.0,40.0,5.1,BR,1598809542.0
326,Bosaso,11.28,49.18,307.35,43.0,94.0,2.27,SO,1598809542.0
327,Constitución,-35.33,-72.42,286.41,53.0,0.0,6.65,CL,1598809542.0
329,Mar del Plata,-38.0,-57.56,288.15,26.0,0.0,10.3,AR,1598809334.0
330,Alta Floresta,-9.88,-56.09,309.15,34.0,20.0,1.5,BR,1598809543.0
331,Makkah al Mukarramah,21.43,39.83,306.06,29.0,54.0,2.53,SA,1598809543.0
332,Sawākin,19.11,37.33,308.04,36.0,68.0,2.54,SD,1598809544.0
333,Meadow Lake,34.8,-106.54,301.48,44.0,40.0,1.5,US,1598809451.0
334,Kalamare,-22.93,26.57,289.22,28.0,8.0,2.45,BW,1598809544.0
335,Pachino,36.72,15.09,300.93,80.0,0.0,0.89,IT,1598809544.0
336,Pedreiras,-4.57,-44.6,311.68,22.0,0.0,2.87,BR,1598809544.0
337,San Blas,21.52,-105.27,295.15,100.0,90.0,2.07,MX,1598809545.0
338,Shenjiamen,29.96,122.3,300.04,90.0,1.0,3.39,CN,1598809545.0
339,Broken Hill,-31.95,141.43,281.15,81.0,0.0,5.1,AU,1598809388.0
340,Victor Harbor,-35.57,138.62,282.04,88.0,51.0,0.45,AU,1598809545.0
341,Haicheng,40.85,122.75,294.14,86.0,58.0,1.52,CN,1598809546.0
342,Tiznit Province,29.58,-9.5,299.16,40.0,0.0,2.66,MA,1598809546.0
343,Mossamedes,-15.2,12.15,291.06,69.0,3.0,3.89,AO,1598809371.0
344,Ozark,37.02,-93.21,295.37,97.0,95.0,3.48,US,1598809547.0
345,Dhidhdhoo,6.88,73.1,301.65,76.0,68.0,4.32,MV,1598809547.0
346,Kayanga,-1.53,31.15,292.48,66.0,28.0,0.87,TZ,1598809547.0
347,Kungurtug,50.6,97.52,280.63,86.0,97.0,0.55,RU,1598809547.0
348,Tonj,7.27,28.68,295.83,91.0,38.0,1.31,SS,1598809548.0
349,Pascagoula,30.37,-88.56,300.15,88.0,75.0,3.09,US,1598809548.0
350,Baraboo,43.47,-89.74,296.48,52.0,1.0,3.6,US,1598809509.0
351,Fare,-16.7,-151.02,298.28,74.0,8.0,10.36,PF,1598809430.0
352,Payo,-3.75,103.64,296.03,93.0,51.0,1.2,ID,1598809549.0
353,Eureka,40.8,-124.16,290.93,71.0,40.0,3.1,US,1598809443.0
354,Carnarvon,-24.87,113.63,290.15,88.0,0.0,4.1,AU,1598809549.0
355,Srīsailain,16.08,78.87,298.0,80.0,0.0,1.1,IN,1598809549.0
356,Lompoc,34.64,-120.46,289.82,87.0,90.0,1.5,US,1598809550.0
357,Severnoye,56.35,78.36,287.09,89.0,16.0,1.58,RU,1598809550.0
358,Boussé,12.66,-1.89,300.33,75.0,68.0,3.53,BF,1598809550.0
359,Monrovia,6.3,-10.8,298.15,94.0,75.0,5.1,LR,1598809550.0
360,Kamenka,51.32,42.77,292.43,53.0,0.0,2.92,RU,1598809551.0
361,Neyshabur,36.21,58.8,292.41,35.0,17.0,1.33,IR,1598809551.0
362,Richards Bay,-28.78,32.04,287.75,80.0,100.0,6.27,ZA,1598809338.0
364,Bereda,43.27,-7.54,290.93,67.0,12.0,4.47,ES,1598809552.0
365,Dakar,14.69,-17.44,304.15,70.0,40.0,4.1,SN,1598809141.0
366,Hastings,50.86,0.57,289.26,54.0,74.0,0.89,GB,1598809410.0
367,Sterling,39.01,-77.43,300.37,47.0,75.0,4.6,US,1598809536.0
368,Eyl,7.98,49.82,298.92,74.0,95.0,10.78,SO,1598809552.0
369,Aranos,-24.13,19.12,282.05,46.0,0.0,4.8,NA,1598809553.0
370,Alekseyevsk,57.84,108.35,285.36,81.0,96.0,0.76,RU,1598809553.0
371,Ust-Tsilma,65.44,52.15,284.38,97.0,98.0,1.75,RU,1598809553.0
372,Kadoma,34.73,135.58,302.04,51.0,15.0,1.49,JP,1598809554.0
373,Salamiyah,35.01,37.05,301.86,19.0,0.0,2.59,SY,1598809554.0
374,Fortuna,40.6,-124.16,290.93,67.0,1.0,2.1,US,1598809469.0
375,Bengkulu,-3.8,102.27,298.03,85.0,86.0,1.83,ID,1598809366.0
376,Ampanihy,-24.7,44.75,297.19,56.0,54.0,3.93,MG,1598809554.0
377,Altamira,-3.2,-52.21,305.15,59.0,40.0,2.1,BR,1598809555.0
378,Shaunavon,49.65,-108.42,288.27,35.0,47.0,10.93,CA,1598809555.0
379,Goderich,43.75,-81.72,295.37,62.0,44.0,3.71,CA,1598809367.0
380,Marovoay,-16.1,46.63,298.15,73.0,20.0,1.5,MG,1598809555.0
381,Mattru,7.62,-11.83,297.24,92.0,100.0,2.49,SL,1598809556.0
382,Charters Towers,-20.1,146.27,287.29,94.0,4.0,3.48,AU,1598809458.0
383,Airai,-8.93,125.41,286.77,100.0,22.0,1.72,TL,1598809556.0
384,Carovigno,40.71,17.66,302.15,58.0,0.0,6.2,IT,1598809557.0
385,George Town,5.41,100.34,301.15,94.0,40.0,1.5,MY,1598809557.0
386,Ōzu,33.5,132.55,300.37,80.0,7.0,1.16,JP,1598809557.0
387,Luís Correia,-2.88,-41.67,305.01,48.0,26.0,7.6,BR,1598809558.0
388,Christiana,-27.91,25.16,277.91,53.0,0.0,4.03,ZA,1598809558.0
389,Mount Gambier,-37.83,140.77,278.15,86.0,40.0,2.6,AU,1598809558.0
390,Namatanai,-3.67,152.43,299.27,85.0,57.0,3.22,PG,1598809450.0
391,Guadalupe y Calvo,26.1,-106.97,294.73,73.0,3.0,1.81,MX,1598809558.0
392,Neuquén,-38.95,-68.06,286.15,32.0,0.0,5.7,AR,1598809559.0
393,Teguise,29.06,-13.56,298.15,61.0,20.0,11.8,ES,1598809559.0
394,Qasigiannguit,68.82,-51.19,281.15,61.0,5.0,3.1,GL,1598809559.0
395,Uruaçu,-14.52,-49.14,311.97,14.0,17.0,0.97,BR,1598809340.0
396,Kieta,-6.22,155.63,299.76,75.0,63.0,2.35,PG,1598809560.0
397,Huarmey,-10.07,-78.15,292.91,64.0,69.0,5.26,PE,1598809560.0
398,Port Lincoln,-34.73,135.87,284.17,63.0,42.0,2.82,AU,1598809560.0
399,Bambanglipuro,-7.95,110.28,295.92,85.0,93.0,3.16,ID,1598809560.0
400,Slavyanka,42.86,131.38,290.88,84.0,100.0,3.71,RU,1598809561.0
401,Deputatsky,69.3,139.9,270.64,99.0,5.0,1.08,RU,1598809285.0
403,Dawei,14.08,98.2,298.97,90.0,73.0,0.51,MM,1598809561.0
404,Port Macquarie,-31.43,152.92,280.93,100.0,8.0,1.0,AU,1598809402.0
405,Banjarmasin,-3.32,114.59,298.15,83.0,52.0,1.5,ID,1598809392.0
406,Oistins,13.07,-59.53,304.15,70.0,40.0,6.7,BB,1598809562.0
407,Rājgarh,28.63,75.38,302.58,68.0,14.0,7.08,IN,1598809562.0
408,Crotone,39.09,17.12,300.15,78.0,0.0,6.7,IT,1598809563.0
409,Ostrovnoy,68.05,39.51,280.59,87.0,72.0,3.66,RU,1598809563.0
410,The Valley,18.22,-63.06,304.15,62.0,40.0,8.2,AI,1598809435.0
411,Bara,10.37,10.73,298.68,76.0,76.0,2.21,NG,1598809564.0
412,Kupang,-10.17,123.58,297.27,84.0,39.0,5.35,ID,1598809564.0
413,Margate,51.38,1.39,289.26,62.0,90.0,4.47,GB,1598809564.0
414,Gemeente Wageningen,51.97,5.67,290.15,93.0,75.0,4.1,NL,1598809564.0
415,Botwood,49.15,-55.35,285.93,92.0,100.0,3.02,CA,1598809565.0
416,Hithadhoo,-0.6,73.08,301.06,76.0,11.0,5.65,MV,1598809328.0
417,Nísia Floresta,-6.09,-35.21,303.15,51.0,20.0,9.3,BR,1598809565.0
418,Summerville,33.02,-80.18,305.37,70.0,40.0,0.94,US,1598809266.0
419,Lagoa,39.05,-27.98,297.1,93.0,26.0,5.35,PT,1598809566.0
420,Batagay-Alyta,67.8,130.41,279.39,74.0,97.0,0.96,RU,1598809566.0
421,Padang,-0.95,100.35,298.64,81.0,99.0,2.35,ID,1598809566.0
422,Itarema,-2.92,-39.92,303.36,53.0,40.0,10.1,BR,1598809566.0
423,Ugoofaaru,5.67,73.0,301.72,70.0,2.0,2.7,MV,1598809567.0
425,Rocha,-34.48,-54.33,284.99,51.0,24.0,3.44,UY,1598809346.0
426,Bubaque,11.28,-15.83,300.21,81.0,90.0,7.61,GW,1598809567.0
427,Sambava,-14.27,50.17,295.78,85.0,39.0,5.08,MG,1598809568.0
429,Port-Gentil,-0.72,8.78,299.15,78.0,75.0,7.5,GA,1598809568.0
430,Bichena,10.45,38.2,285.72,86.0,63.0,1.88,ET,1598809568.0
431,Ahipara,-35.17,173.17,284.92,87.0,36.0,2.5,NZ,1598809336.0
432,Shevchenkove,49.7,37.17,297.15,38.0,0.0,3.0,UA,1598809569.0
433,Camaçari,-12.7,-38.32,301.15,65.0,40.0,6.2,BR,1598809569.0
434,Kaitangata,-46.28,169.85,286.48,40.0,100.0,7.15,NZ,1598809569.0
435,Coyhaique,-45.58,-72.07,284.15,78.0,20.0,3.1,CL,1598809392.0
436,Santa Rosa,14.31,121.11,300.15,78.0,100.0,3.1,PH,1598809401.0
437,Chara,56.91,118.26,282.13,78.0,46.0,0.56,RU,1598809570.0
438,Viedma,-40.81,-63.0,287.59,44.0,0.0,3.58,AR,1598809570.0
439,Beloha,-25.17,45.05,298.18,54.0,63.0,1.83,MG,1598809570.0
440,Río Gallegos,-51.62,-69.22,277.15,41.0,40.0,9.8,AR,1598809303.0
441,Cidreira,-30.18,-50.21,287.64,92.0,100.0,6.53,BR,1598809571.0
442,Mazabuka,-15.86,27.75,297.53,24.0,14.0,3.33,ZM,1598809571.0
443,Sechura,-5.56,-80.82,296.27,56.0,75.0,6.15,PE,1598809571.0
444,Laguna,38.42,-121.42,295.37,68.0,1.0,2.26,US,1598809419.0
445,Matagami,49.75,-77.63,289.15,51.0,90.0,4.81,CA,1598809468.0
446,Kahului,20.89,-156.47,299.15,65.0,40.0,7.7,US,1598809320.0
447,Ayamé,5.61,-3.16,297.54,75.0,89.0,3.35,CI,1598809572.0
448,Taoudenni,22.68,-3.98,312.09,23.0,84.0,4.28,ML,1598809572.0
449,Wolgast,54.05,13.77,293.71,67.0,50.0,0.45,DE,1598809573.0
450,Benguela,-12.58,13.41,293.35,79.0,3.0,2.27,AO,1598809573.0
451,Le Mars,42.79,-96.17,297.15,50.0,1.0,9.3,US,1598809573.0
452,La Joya,18.67,-99.47,301.48,69.0,75.0,2.6,MX,1598809574.0
453,Leningradskiy,69.38,178.42,275.0,91.0,100.0,4.53,RU,1598809574.0
454,Pacific Grove,36.62,-121.92,290.15,72.0,90.0,1.58,US,1598809347.0
455,Awjilah,29.11,21.29,306.32,18.0,0.0,3.8,LY,1598809574.0
456,Mauá,-23.67,-46.46,304.15,28.0,0.0,4.6,BR,1598809574.0
457,Morant Bay,17.88,-76.41,305.15,70.0,20.0,4.6,JM,1598809575.0
458,Tanout,14.97,8.89,306.62,35.0,82.0,2.93,NE,1598809347.0
459,Boguchany,58.38,97.45,285.11,88.0,90.0,1.24,RU,1598809575.0
460,Belaya Gora,68.53,146.42,277.4,80.0,81.0,3.62,RU,1598809575.0
461,Talnakh,69.49,88.4,282.15,100.0,90.0,6.0,RU,1598809576.0
463,Caravelas,-17.71,-39.25,299.57,68.0,40.0,4.41,BR,1598809335.0
464,Mount Isa,-20.73,139.5,296.15,35.0,0.0,4.6,AU,1598809576.0
465,Okha,53.57,142.95,281.07,87.0,42.0,3.96,RU,1598809577.0
466,Navahrudak,53.6,25.83,291.03,99.0,17.0,3.23,BY,1598809577.0
467,Cajibío,2.62,-76.57,296.49,54.0,96.0,1.61,CO,1598809294.0
468,Manadhoo,5.77,73.38,301.72,71.0,20.0,2.85,MV,1598809577.0
469,Kasempa,-13.46,25.83,297.2,22.0,19.0,1.49,ZM,1598809578.0
470,Yerbogachën,61.28,108.01,283.7,81.0,69.0,1.66,RU,1598809578.0
471,Weligama,5.97,80.42,300.0,83.0,84.0,4.29,LK,1598809578.0
472,Okhotsk,59.38,143.3,284.88,83.0,100.0,3.77,RU,1598809293.0
473,Nazarovo,56.01,90.39,283.49,95.0,3.0,1.66,RU,1598809578.0
474,Nānākuli,21.39,-158.15,299.15,65.0,20.0,2.1,US,1598809293.0
475,Honningsvåg,70.98,25.97,282.15,66.0,40.0,6.7,NO,1598809442.0
476,Tāybād,34.74,60.78,294.79,27.0,0.0,6.52,IR,1598809579.0
477,San Policarpo,12.18,125.51,299.51,83.0,100.0,3.48,PH,1598809579.0
478,Salinópolis,-0.61,-47.36,302.49,69.0,62.0,8.05,BR,1598809580.0
479,Pecos,31.42,-103.49,307.15,30.0,1.0,2.46,US,1598809580.0
480,Dennery,13.9,-60.89,303.15,83.0,75.0,3.1,LC,1598809580.0
481,Muncar,-8.43,114.33,295.39,84.0,74.0,1.67,ID,1598809442.0
482,Marsh Harbour,26.54,-77.06,303.18,66.0,97.0,4.43,BS,1598809581.0
483,Ixtapa,20.7,-105.2,302.04,74.0,90.0,2.07,MX,1598809578.0
484,Taltal,-25.4,-70.48,288.54,63.0,45.0,2.24,CL,1598809485.0
485,Menomonie,44.88,-91.92,295.37,52.0,1.0,5.1,US,1598809581.0
486,Kamaishi,39.27,141.88,294.38,89.0,100.0,4.0,JP,1598809582.0
487,Araouane,18.9,-3.53,308.37,36.0,52.0,4.04,ML,1598809582.0
488,Assiniboia,49.63,-105.98,290.25,34.0,60.0,9.47,CA,1598809582.0
489,Pemba,-12.97,40.52,298.15,69.0,20.0,6.2,MZ,1598809582.0
490,Dhadar,28.33,75.06,302.01,71.0,13.0,6.06,IN,1598809583.0
491,Daye,30.08,114.95,297.91,80.0,0.0,1.09,CN,1598809583.0
493,Labuhan,-6.88,112.21,298.07,78.0,45.0,3.43,ID,1598809583.0
494,Santiago,-33.46,-70.65,289.82,47.0,0.0,1.5,CL,1598809263.0
495,Mayen,50.33,7.22,293.71,59.0,100.0,1.5,DE,1598809584.0
496,Nanchong,30.8,106.08,294.08,74.0,98.0,5.3,CN,1598809584.0
497,Souillac,-20.52,57.52,295.15,83.0,75.0,6.2,MU,1598809584.0
498,Vetluga,57.86,45.78,287.52,93.0,100.0,3.76,RU,1598809585.0
499,Muhos,64.81,25.99,286.15,76.0,70.0,1.0,FI,1598809585.0
500,Varhaug,58.61,5.65,288.15,78.0,1.0,0.45,NO,1598809585.0
501,Sri Aman,1.24,111.46,298.15,94.0,65.0,0.2,MY,1598809585.0
502,Puerto Quijarro,-17.78,-57.77,315.22,11.0,15.0,2.32,BO,1598809586.0
503,Saint-Augustin,51.23,-58.65,288.9,57.0,48.0,6.26,CA,1598809586.0
504,Najrān,17.49,44.13,305.15,15.0,20.0,3.1,SA,1598809586.0
505,Rawson,-43.3,-65.1,284.55,50.0,9.0,9.44,AR,1598809304.0
506,Vigrestad,58.57,5.7,288.15,78.0,1.0,0.45,NO,1598809587.0
507,Batemans Bay,-35.72,150.18,281.48,91.0,81.0,0.45,AU,1598809587.0
508,Del Rio,29.36,-100.9,307.15,52.0,1.0,5.7,US,1598809587.0
509,Kaeo,-35.1,173.78,281.48,3.0,28.0,1.07,NZ,1598809587.0
510,Kenai,60.55,-151.26,285.37,76.0,40.0,4.6,US,1598809588.0
511,Ambon City,-3.7,128.18,299.02,86.0,100.0,5.25,ID,1598809588.0
512,Colesberg,-30.72,25.1,276.98,55.0,0.0,4.36,ZA,1598809588.0
513,Mt. Pleasant,32.79,-79.86,306.15,74.0,40.0,2.1,US,1598809354.0
514,Dhārūr,18.82,76.12,295.55,87.0,31.0,4.0,IN,1598809589.0
515,Santa Marta,11.24,-74.2,304.15,70.0,75.0,5.1,CO,1598809589.0
516,San Carlos,9.66,-68.58,302.96,74.0,76.0,0.53,VE,1598809589.0
517,Kolobovo,56.7,41.34,289.74,93.0,98.0,1.64,RU,1598809590.0
518,Vestmannaeyjar,63.44,-20.27,284.15,100.0,90.0,11.8,IS,1598809590.0
519,Deniliquin,-35.53,144.97,278.15,92.0,0.0,0.45,AU,1598809590.0
520,Dangara,29.68,75.89,300.93,73.0,5.0,4.76,IN,1598809590.0
521,Skibotn,69.39,20.27,281.15,70.0,40.0,5.7,NO,1598809591.0
522,Parry Sound,45.35,-80.03,291.48,76.0,4.0,3.13,CA,1598809591.0
523,Honiara,-9.43,159.95,297.15,100.0,20.0,1.0,SB,1598809591.0
524,Fort Nelson,58.81,-122.7,283.15,76.0,20.0,3.6,CA,1598809591.0
525,Zhezkazgan,47.8,67.71,295.15,28.0,0.0,6.0,KZ,1598809592.0
526,Walla Walla,46.06,-118.34,294.26,23.0,1.0,4.1,US,1598809501.0
528,Vanimo,-2.67,141.3,299.01,81.0,97.0,1.47,PG,1598809592.0
529,Henties Bay,-22.12,14.28,287.59,74.0,0.0,0.89,NA,1598809397.0
530,Sur,22.57,59.53,302.95,63.0,71.0,4.9,OM,1598809418.0
532,Westport,41.14,-73.36,299.26,44.0,75.0,6.2,US,1598809336.0
533,Suibara,37.83,139.23,299.82,95.0,93.0,1.63,JP,1598809593.0
534,Guane,22.2,-84.09,305.79,58.0,47.0,3.13,CU,1598809594.0
536,Develi,38.39,35.49,298.15,17.0,0.0,1.0,TR,1598809594.0
537,Itaituba,-4.28,-55.98,309.15,41.0,20.0,4.6,BR,1598809594.0
538,Bariloche,-41.15,-71.31,281.15,49.0,28.0,8.2,AR,1598809595.0
539,Luanda,-8.84,13.23,295.15,78.0,20.0,4.6,AO,1598809210.0
540,Tevaitoa,-16.78,-151.5,298.45,74.0,7.0,10.78,PF,1598809595.0
541,Biggar,55.62,-3.52,288.15,70.0,97.0,0.26,GB,1598809595.0
543,Formosa,-26.18,-58.18,297.15,53.0,75.0,9.8,AR,1598809596.0
544,Kodinsk,58.69,99.18,283.79,87.0,77.0,0.51,RU,1598809596.0
545,Viseu,40.66,-7.91,298.15,21.0,0.0,2.68,PT,1598809596.0
546,Yokadouma,3.52,15.05,295.0,94.0,96.0,0.34,CM,1598809597.0
547,Akçakoca,41.09,31.12,296.55,73.0,0.0,0.77,TR,1598809597.0
548,Dragoman,42.92,22.93,300.37,44.0,0.0,0.5,BG,1598809597.0
549,Sola,-13.88,167.55,299.72,81.0,92.0,9.38,VU,1598809597.0
550,Lar,26.2,83.97,301.62,69.0,29.0,1.81,IN,1598809598.0
551,Morondava,-20.28,44.28,297.22,86.0,0.0,6.22,MG,1598809598.0
552,Bodden Town,19.28,-81.25,305.15,75.0,20.0,3.1,KY,1598809598.0
553,Port-Cartier,50.03,-66.87,283.71,87.0,90.0,5.7,CA,1598809599.0
554,Coahuayana Viejo,18.73,-103.68,297.15,83.0,90.0,0.77,MX,1598809326.0
555,Comodoro Rivadavia,-45.87,-67.5,283.15,66.0,40.0,4.6,AR,1598809599.0
556,Turochak,52.26,87.12,283.86,87.0,14.0,0.93,RU,1598809599.0
557,St. Pete Beach,27.73,-82.74,304.82,1.0,89.0,0.45,US,1598809600.0
558,Ola,59.58,151.28,279.96,64.0,0.0,1.85,RU,1598809600.0
559,Palmer,42.16,-72.33,297.04,43.0,40.0,7.2,US,1598809600.0
560,Plettenberg Bay,-34.05,23.37,282.72,66.0,38.0,3.27,ZA,1598809600.0
561,Meulaboh,4.14,96.13,298.45,87.0,98.0,1.18,ID,1598809601.0
562,Ngunguru,-35.62,174.5,281.48,3.0,15.0,3.67,NZ,1598809601.0
564,Presidencia Roque Sáenz Peña,-26.79,-60.44,291.48,52.0,100.0,5.35,AR,1598809601.0
565,Tuatapere,-46.13,167.68,280.37,72.0,57.0,4.92,NZ,1598809602.0
566,Pineville,31.32,-92.43,307.59,70.0,75.0,3.1,US,1598809486.0
567,Bicester,51.9,-1.15,289.15,55.0,75.0,4.1,GB,1598809602.0
568,Popondetta,-8.75,148.25,295.14,91.0,80.0,1.21,PG,1598809602.0
569,Ichnya,50.86,32.39,295.47,43.0,0.0,3.79,UA,1598809602.0
570,Vila Franca do Campo,37.72,-25.43,298.15,78.0,40.0,5.7,PT,1598809474.0
571,Redmond,47.67,-122.12,292.04,66.0,0.0,1.18,US,1598809361.0
572,Hermiston,45.84,-119.29,293.15,34.0,1.0,3.1,US,1598809603.0
573,Suleja,9.18,7.18,295.93,93.0,100.0,0.78,NG,1598809603.0
574,Sangar,63.92,127.47,282.7,89.0,100.0,1.78,RU,1598809604.0
575,Dalbandin,28.89,64.41,303.1,13.0,14.0,4.18,PK,1598809604.0
576,Suntar,62.14,117.63,283.5,82.0,31.0,1.58,RU,1598809604.0
577,Manavgat,36.79,31.44,301.15,69.0,0.0,2.1,TR,1598809605.0
578,Ossora,59.24,163.07,280.99,76.0,99.0,4.23,RU,1598809605.0
579,Ajdabiya,30.76,20.23,302.15,43.0,0.0,6.09,LY,1598809605.0
580,Geraldton,-28.77,114.6,280.15,87.0,0.0,2.1,AU,1598809428.0
581,Saint-Pierre,-21.34,55.48,293.15,77.0,2.0,3.6,RE,1598809606.0
583,College,64.86,-147.8,284.82,76.0,75.0,1.4,US,1598809606.0
584,Sinnamary,5.38,-52.95,303.86,63.0,29.0,6.58,GF,1598809606.0
585,Loralai,30.37,68.6,298.82,50.0,48.0,3.61,PK,1598809606.0
587,Soro,21.29,86.69,301.94,81.0,77.0,0.13,IN,1598809607.0
588,Wiarton,44.74,-81.13,293.15,63.0,75.0,3.1,CA,1598809607.0
589,Katesh,-4.52,35.38,291.72,42.0,17.0,4.22,TZ,1598809607.0
590,Hofn,64.25,-15.21,285.15,93.0,90.0,5.7,IS,1598809608.0
591,Waitati,-45.75,170.57,281.23,73.0,100.0,2.66,NZ,1598809608.0
592,Natal,-5.79,-35.21,303.15,51.0,20.0,9.3,BR,1598809608.0
593,Rosarito,32.33,-117.03,295.37,68.0,5.0,2.6,MX,1598809609.0
594,Igarka,67.47,86.58,282.49,92.0,93.0,4.68,RU,1598809609.0
595,Tornio,65.85,24.15,283.15,93.0,40.0,2.1,FI,1598809609.0
596,San Quintín,30.48,-115.95,295.3,68.0,71.0,4.75,MX,1598809609.0
597,Anito,12.45,125.29,300.2,82.0,100.0,4.14,PH,1598809610.0
598,Jiménez,28.33,-105.4,304.15,31.0,40.0,3.1,MX,1598809610.0
599,Arrondissement de Sedan,49.67,5.0,290.93,93.0,96.0,4.57,FR,1598809610.0
600,Vaitape,-16.52,-151.75,298.36,75.0,15.0,10.52,PF,1598809610.0
602,Salinas,36.68,-121.66,290.15,87.0,90.0,1.5,US,1598809611.0
603,Saint Joseph,39.77,-94.85,298.71,53.0,1.0,6.2,US,1598809611.0
604,Odienné,9.51,-7.57,297.59,92.0,92.0,1.49,CI,1598809611.0
605,Nakhon Si Thammarat,8.43,99.97,299.2,82.0,77.0,2.16,TH,1598809612.0
606,Tecpan,14.76,-90.99,297.15,60.0,20.0,3.1,GT,1598809612.0
607,Yangambi,0.81,24.43,295.96,93.0,72.0,0.45,CD,1598809612.0
608,Vao,-22.67,167.48,292.41,65.0,79.0,6.09,NC,1598809326.0
609,Solnechnyy,50.72,136.63,282.15,84.0,0.0,1.8,RU,1598809613.0
610,Biak,-0.91,122.88,298.45,77.0,92.0,3.63,ID,1598809448.0
611,Katobu,-4.94,122.53,296.7,88.0,90.0,2.2,ID,1598809613.0
612,Moroto,2.53,34.67,296.42,47.0,36.0,2.71,UG,1598809613.0
613,Mahon,39.89,4.27,296.15,56.0,20.0,4.6,ES,1598809614.0
615,Darlawn,24.02,92.9,293.33,100.0,100.0,0.74,IN,1598809614.0
616,Oruzgan,32.83,66.0,290.77,26.0,0.0,0.49,AF,1598809614.0
617,Galesong,-5.32,119.37,296.15,83.0,20.0,1.0,ID,1598809614.0
618,Ojinaga,29.57,-104.42,308.15,26.0,1.0,1.57,MX,1598809440.0
619,Kibaha,-6.77,38.92,297.15,78.0,20.0,4.6,TZ,1598809615.0
620,Xinyu,27.8,114.93,298.06,76.0,0.0,0.81,CN,1598809615.0
621,Khovu-Aksy,51.13,93.6,281.22,78.0,46.0,1.08,RU,1598809615.0
622,Verkhotur'ye,58.86,60.81,288.65,93.0,63.0,2.99,RU,1598809616.0
623,Omboué,-1.57,9.26,296.93,83.0,75.0,4.77,GA,1598809616.0
624,Rosario,-32.95,-60.64,290.93,24.0,35.0,3.1,AR,1598809380.0
625,Idaho Falls,43.47,-112.03,293.71,17.0,1.0,12.3,US,1598809475.0
626,Otane,-39.88,176.63,283.71,76.0,1.0,3.58,NZ,1598809617.0
627,Nouadhibou,20.93,-17.03,300.15,65.0,0.0,9.3,MR,1598809617.0
